visited_at,page_title,url
"2026-06-14 20:42","NAVER","https://www.naver.com/"
"2026-06-14 20:47","Netflix","https://www.netflix.com/kr/"
"2026-06-14 20:50","Instagram","https://www.instagram.com/"
"2026-06-14 20:52","X","https://x.com/"
"2026-06-14 20:53","Facebook","https://www.facebook.com/"
"2026-06-14 20:55","BoB","https://bobedu.kr/home/kor/main.do"
"2026-06-14 21:03","아이s","http://www.dgdg.co.kr/?q=is"
"2026-06-14 21:05","Hidden Links Directory","http://hiddenlinks.app/market"
"2026-06-14 21:07","Notice","http://notice.co.kr/"
"2026-06-14 21:13","디지털포렌식 검색","https://www.k-dfs.co.kr/"
