suspect_id,name,wallet_address
"S-001","김현준","1Fv9pG7kX8sR2mT4cW5jM6qN3bZ1yHw"
"S-002","조성일","1Bg7V4mN2cX9sP3kT6jM8qR1wZ5yHxF"
"S-003","고은지","1X8sR2mT4cW5jM6qN3bZ1yHwFv9pG7k"
"S-004","김승주","1cN3bZ1yHwFv9pG7kX8sR2mT4cW5jM6"
"S-005","김바람","1pG7kX8sR2mT4cW5jM6qN3bZ1yHwFv9"
"S-006","김예인","1T4cW5jM6qN3bZ1yHwFv9pG7kX8sR2m"
"S-007","김은주","1wFv9pG7kX8sR2mT4cW5jM6qN3bZ1yH"
"S-008","류재범","1M6qN3bZ1yHwFv9pG7kX8sR2mT4cW5j"
"S-009","박썩소","1sR2mT4cW5jM6qN3bZ1yHwFv9pG7kX8"
"S-010","박동균","1yHwFv9pG7kX8sR2mT4cW5jM6qN3bZ1"
"S-011","양주아","17kX8sR2mT4cW5jM6qN3bZ1yHwFv9pG"
"S-012","오나리","1cW5jM6qN3bZ1yHwFv9pG7kX8sR2mT4"
"S-013","전소훈","13bZ1yHwFv9pG7kX8sR2mT4cW5jM6qN"
"S-014","정윤지","19pG7kX8sR2mT4cW5jM6qN3bZ1yHwFv"
"S-015","조정균","12mT4cW5jM6qN3bZ1yHwFv9pG7kX8sR"
"S-016","정한서","1W5jM6qN3bZ1yHwFv9pG7kX8sR2mT4c"
"S-017","최서인","1Z1yHwFv9pG7kX8sR2mT4cW5jM6qN3b"
"S-018","홍준표","1Fv9pG7kX8sR2mT4cW5jM6qN3bZ1yH2"
